WAGNUM,OPERDATE,ST_ID_DISL,ST_ID_DEST,TRAIN_INDEX
5 266,2023-08-30 01:02:00,7 475,61,7475-335-62
5 266,2023-08-30 05:26:00,63,61,7475-335-62
5 266,2023-08-30 05:05:00,7 475,61,7475-335-62
5 266,2023-08-28 23:45:00,7 475,61,6999-471-7475
5 266,2023-08-28 22:29:00,7 469,61,6999-471-7475
5 266,2023-08-28 23:06:00,7 475,61,6999-471-7475
5 266,2023-08-27 16:02:00,20 714,61,20792-360-6999
5 266,2023-08-27 13:15:00,5 598,61,20792-360-6999
5 266,2023-08-27 07:27:00,5 631,61,20792-360-6999
5 266,2023-08-26 15:25:01,6 169,61,20792-360-6999
5 266,2023-08-26 15:25:00,6 169,61,20792-360-6999
5 266,2023-08-26 14:54:00,6 169,61,20792-360-6999
5 266,2023-08-26 10:05:00,6 628,61,20792-360-6999
5 266,2023-08-26 12:53:00,6 598,61,20792-360-6999
5 266,2023-08-26 11:31:00,6 614,61,20792-360-6999
5 266,2023-08-26 10:26:00,6 625,61,20792-360-6999
5 266,2023-08-26 02:37:00,6 663,61,20792-360-6999
5 266,2023-08-26 01:16:00,7 045,61,20792-360-6999
5 266,2023-08-26 00:33:00,7 052,61,20792-360-6999
5 266,2023-08-26 18:29:00,6 169,61,20792-360-6999
5 266,2023-08-26 14:40:00,6 169,61,20792-360-6999
5 266,2023-08-25 17:25:00,7 082,61,20792-360-6999
5 266,2023-08-25 17:10:00,7 082,61,20792-360-6999
5 266,2023-08-30 05:11:00,65,61,7475-335-62
5 266,2023-08-28 14:33:00,6 999,61,20792-360-6999
5 266,2023-08-28 12:52:00,6 999,61,20792-360-6999
5 266,2023-08-28 15:40:00,6 999,61,6999-471-7475
5 266,2023-08-28 14:55:00,6 999,61,6999-471-7475
5 266,2023-08-28 14:54:00,6 999,61,6999-471-7475
5 266,2023-08-28 14:34:00,6 999,61,6999-471-7475
5 266,2023-08-28 14:16:00,6 999,61,20792-360-6999
5 266,2023-08-28 21:47:00,7 464,61,6999-471-7475
5 266,2023-08-27 16:24:00,536,61,20792-360-6999
5 266,2023-08-27 22:56:00,6 999,61,20792-360-6999
5 266,2023-08-27 22:48:00,6 999,61,20792-360-6999
5 266,2023-08-27 15:31:00,4 598,61,20792-360-6999
5 266,2023-08-27 13:57:00,4 582,61,20792-360-6999
5 266,2023-08-27 07:54:00,5 627,61,20792-360-6999
5 266,2023-08-27 14:22:00,4 580,61,20792-360-6999
5 266,2023-08-27 12:36:00,5 574,61,20792-360-6999
5 266,2023-08-27 21:55:00,6 999,61,20792-360-6999
5 266,2023-08-27 21:25:00,6 999,61,20792-360-6999
5 266,2023-08-27 20:33:00,6 999,61,20792-360-6999
5 266,2023-08-27 20:19:01,6 999,61,20792-360-6999
5 266,2023-08-27 20:19:00,6 999,61,20792-360-6999
5 266,2023-08-27 14:10:00,4 580,61,20792-360-6999
5 266,2023-08-27 10:39:00,5 574,61,20792-360-6999
5 266,2023-08-27 10:24:00,5 574,61,20792-360-6999
5 266,2023-08-26 20:22:00,6 140,61,20792-360-6999
5 266,2023-08-26 13:04:00,6 596,61,20792-360-6999
5 266,2023-08-26 12:41:00,6 601,61,20792-360-6999
5 266,2023-08-26 10:38:00,6 623,61,20792-360-6999
5 266,2023-08-26 09:23:00,6 632,61,20792-360-6999
5 266,2023-08-26 13:48:00,6 554,61,20792-360-6999
5 266,2023-08-26 13:44:00,6 554,61,20792-360-6999
5 266,2023-08-25 01:16:00,20 792,61,17467-130-20792
5 266,2023-08-25 05:35:00,20 792,61,20792-360-6999
5 266,2023-08-25 04:50:01,20 792,61,20792-360-6999
5 266,2023-08-25 04:50:00,20 792,61,20792-360-6999
5 266,2023-08-25 04:43:00,20 792,61,20792-360-6999
5 266,2023-08-25 04:21:00,20 792,61,20792-360-6999
5 266,2023-08-25 04:20:00,20 792,61,20792-360-6999
5 266,2023-08-25 16:16:00,7 086,61,20792-360-6999
5 266,2023-08-25 14:54:00,7 093,61,20792-360-6999
5 266,2023-08-25 11:59:00,17 483,61,20792-360-6999
5 266,2023-08-25 10:57:00,17 483,61,20792-360-6999
5 266,2023-08-24 14:12:00,17 467,61,17477-681-17467
5 266,2023-08-24 17:43:00,20 792,61,17467-130-20792
5 266,2023-08-24 17:26:00,20 792,61,17467-130-20792
5 266,2023-08-24 17:02:00,20 792,61,17467-130-20792
5 266,2023-08-24 09:59:00,17 467,61,17477-681-17467
5 266,2023-08-24 14:21:00,17 467,61,17467-130-20792
5 266,2023-08-24 18:21:00,20 792,61,17467-130-20792
5 266,2023-08-24 17:54:00,20 792,61,17467-130-20792
5 266,2023-08-24 14:12:00,17 467,61,17477-681-17467
5 266,2023-08-24 15:48:00,17 467,61,17467-130-20792
5 266,2023-08-24 16:52:00,20 792,61,17467-130-20792
5 266,2023-08-28 22:02:00,7 466,61,6999-471-7475
5 266,2023-08-27 19:21:00,7 033,61,20792-360-6999
5 266,2023-08-27 09:20:00,5 613,61,20792-360-6999
5 266,2023-08-27 08:36:00,5 619,61,20792-360-6999
5 266,2023-08-27 04:30:00,5 650,61,20792-360-6999
5 266,2023-08-27 02:22:00,5 659,61,20792-360-6999
5 266,2023-08-27 00:12:00,5 659,61,20792-360-6999
5 266,2023-08-26 12:00:00,6 610,61,20792-360-6999
5 266,2023-08-26 01:51:00,6 668,61,20792-360-6999
5 266,2023-08-26 01:35:00,6 670,61,20792-360-6999
5 266,2023-08-26 01:24:00,7 044,61,20792-360-6999
5 266,2023-08-25 16:31:00,7 085,61,20792-360-6999
5 266,2023-08-25 21:49:00,7 069,61,20792-360-6999
5 266,2023-08-25 18:42:00,7 081,61,20792-360-6999
5 266,2023-08-25 21:02:00,7 069,61,20792-360-6999
5 266,2023-08-25 17:45:00,7 081,61,20792-360-6999
5 266,2023-08-28 21:19:00,7 000,61,6999-471-7475
5 266,2023-08-27 13:22:00,5 595,61,20792-360-6999
5 266,2023-08-27 12:59:00,5 600,61,20792-360-6999
5 266,2023-08-27 08:23:00,5 621,61,20792-360-6999
5 266,2023-08-27 07:14:00,5 633,61,20792-360-6999
5 266,2023-08-27 04:51:00,5 648,61,20792-360-6999
5 266,2023-08-26 11:23:00,6 615,61,20792-360-6999
5 266,2023-08-26 10:58:00,6 619,61,20792-360-6999
5 266,2023-08-26 22:53:00,5 669,61,20792-360-6999
5 266,2023-08-26 19:12:00,6 564,61,20792-360-6999
5 266,2023-08-26 07:29:00,20 716,61,20792-360-6999
5 266,2023-08-26 22:40:00,5 669,61,20792-360-6999
5 266,2023-08-26 19:07:00,6 564,61,20792-360-6999
5 266,2023-08-26 02:59:00,20 716,61,20792-360-6999
5 266,2023-08-25 23:35:00,7 059,61,20792-360-6999
5 266,2023-08-25 22:35:00,7 064,61,20792-360-6999
5 266,2023-08-25 15:29:00,7 090,61,20792-360-6999
5 266,2023-08-25 09:57:00,17 446,61,20792-360-6999
5 266,2023-08-25 09:52:00,17 446,61,20792-360-6999
5 266,2023-08-31 15:30:00,61,61,62-102-61
5 266,2023-08-30 13:03:00,61,61,62-102-61
5 266,2023-08-30 13:10:00,61,61,62-102-61
5 266,2023-08-30 14:17:00,61,61,62-102-61
5 266,2023-08-30 12:17:00,61,61,62-102-61
5 266,2023-08-28 22:18:00,7 468,61,6999-471-7475
5 266,2023-08-28 21:53:00,7 465,61,6999-471-7475
5 266,2023-08-27 05:09:00,5 645,61,20792-360-6999
5 266,2023-08-26 23:36:00,5 662,61,20792-360-6999
5 266,2023-08-26 19:50:00,6 144,61,20792-360-6999
5 266,2023-08-26 18:55:00,6 561,61,20792-360-6999
5 266,2023-08-26 10:33:00,6 624,61,20792-360-6999
5 266,2023-08-26 08:14:00,6 641,61,20792-360-6999
5 266,2023-08-26 02:17:00,6 667,61,20792-360-6999
5 266,2023-08-26 01:06:00,7 048,61,20792-360-6999
5 266,2023-08-26 21:32:00,6 115,61,20792-360-6999
5 266,2023-08-26 21:29:00,6 115,61,20792-360-6999
5 266,2023-08-25 14:34:00,17 506,61,20792-360-6999
5 266,2023-08-25 14:34:00,17 506,61,20792-360-6999
5 266,2023-08-25 23:11:00,7 060,61,20792-360-6999
5 266,2023-08-25 10:20:00,17 477,61,20792-360-6999
5 266,2023-08-25 14:21:00,17 506,61,20792-360-6999
5 266,2023-08-25 12:36:00,17 506,61,20792-360-6999
5 266,2023-08-25 12:28:00,17 506,61,20792-360-6999
5 266,2023-08-27 13:39:00,4 592,61,20792-360-6999
5 266,2023-08-27 13:39:00,4 592,61,20792-360-6999
5 266,2023-08-27 15:44:00,4 596,61,20792-360-6999
5 266,2023-08-27 07:42:00,5 629,61,20792-360-6999
5 266,2023-08-26 19:24:00,6 148,61,20792-360-6999
5 266,2023-08-26 13:18:00,6 558,61,20792-360-6999
5 266,2023-08-26 13:09:00,6 595,61,20792-360-6999
5 266,2023-08-26 09:39:00,6 631,61,20792-360-6999
5 266,2023-08-26 08:26:00,6 638,61,20792-360-6999
5 266,2023-08-25 22:15:00,7 068,61,20792-360-6999
5 266,2023-08-25 19:38:00,7 076,61,20792-360-6999
5 266,2023-08-25 16:04:00,7 087,61,20792-360-6999
5 266,2023-08-30 09:28:00,62,61,62-102-61
5 266,2023-08-30 06:10:00,62,61,7475-335-62
5 266,2023-08-30 12:09:00,62,61,62-102-61
5 266,2023-08-30 05:45:00,62,61,7475-335-62
5 266,2023-08-28 21:30:00,7 461,61,6999-471-7475
5 266,2023-08-27 18:51:00,7 027,61,20792-360-6999
5 266,2023-08-27 15:12:00,4 572,61,20792-360-6999
5 266,2023-08-27 14:54:00,4 576,61,20792-360-6999
5 266,2023-08-27 09:51:00,5 604,61,20792-360-6999
5 266,2023-08-27 09:43:00,5 605,61,20792-360-6999
5 266,2023-08-27 08:57:00,20 715,61,20792-360-6999
5 266,2023-08-27 05:13:00,5 644,61,20792-360-6999
5 266,2023-08-27 04:22:00,5 651,61,20792-360-6999
5 266,2023-08-26 23:58:00,5 661,61,20792-360-6999
5 266,2023-08-26 11:40:00,6 613,61,20792-360-6999
5 266,2023-08-26 10:46:00,6 621,61,20792-360-6999
5 266,2023-08-26 08:41:00,6 636,61,20792-360-6999
5 266,2023-08-25 19:53:00,7 074,61,20792-360-6999
5 266,2023-08-24 16:38:00,16 872,61,17467-130-20792
5 266,2023-08-28 21:35:00,7 462,61,6999-471-7475
5 266,2023-08-27 10:07:00,5 601,61,20792-360-6999
5 266,2023-08-27 09:31:00,5 610,61,20792-360-6999
5 266,2023-08-27 08:12:00,5 623,61,20792-360-6999
5 266,2023-08-27 06:00:00,5 638,61,20792-360-6999
5 266,2023-08-27 05:56:00,5 641,61,20792-360-6999
5 266,2023-08-27 02:37:00,5 657,61,20792-360-6999
5 266,2023-08-27 03:39:00,5 654,61,20792-360-6999
5 266,2023-08-27 03:05:00,5 654,61,20792-360-6999
5 266,2023-08-26 20:52:00,6 137,61,20792-360-6999
5 266,2023-08-26 12:19:00,6 607,61,20792-360-6999
5 266,2023-08-26 09:00:00,6 634,61,20792-360-6999
5 266,2023-08-26 00:47:00,7 049,61,20792-360-6999
5 266,2023-08-26 00:04:00,7 055,61,20792-360-6999
5 266,2023-08-25 20:33:00,7 072,61,20792-360-6999
5 266,2023-08-25 20:12:00,7 073,61,20792-360-6999
5 266,2023-08-25 19:27:00,7 077,61,20792-360-6999
5 266,2023-08-25 19:10:00,7 079,61,20792-360-6999
7 033,2023-06-01 11:05:00,61,61,62-502-61
7 033,2023-06-01 08:00:00,61,61,62-502-61
7 033,2023-06-01 08:01:00,61,61,62-502-61
8 207,2023-08-31 17:04:00,7 475,61,6999-476-7475
8 207,2023-08-31 15:51:00,7 469,61,6999-476-7475
8 207,2023-08-31 16:34:00,7 475,61,6999-476-7475
8 207,2023-08-29 21:31:00,6 475,61,20701-447-6999
8 207,2023-08-27 08:41:00,6 475,61,6484-047-20701
5 972,2023-08-27 00:48:00,63,61,7475-330-62
5 972,2023-08-27 00:28:00,7 475,61,7475-330-62
5 972,2023-08-26 15:17:00,7 475,61,7475-330-62
5 972,2023-08-26 07:03:00,7 475,61,6999-467-7475
5 972,2023-08-26 06:16:00,7 469,61,6999-467-7475
5 972,2023-08-26 06:58:00,7 475,61,6999-467-7475
5 972,2023-08-25 17:00:00,7 438,61,7423-131-6999
5 211,2023-08-01 16:30:00,7 475,61,7475-311-62
5 211,2023-08-01 18:14:00,63,61,7475-311-62
5 211,2023-07-31 23:21:00,7 475,61,6999-427-7475
5 211,2023-07-31 22:33:00,7 469,61,6999-427-7475
5 211,2023-07-31 03:00:00,20 714,61,20713-263-6999
6 175,2023-07-07 07:00:00,7 475,61,7475-269-62
6 175,2023-07-07 03:50:00,7 475,61,7475-268-62
6 175,2023-07-07 13:36:00,63,61,7475-269-62
6 175,2023-07-07 13:17:00,7 475,61,7475-269-62
6 175,2023-07-06 17:19:00,7 475,61,7475-268-62
6 175,2023-07-06 17:17:00,7 475,61,7475-268-62
6 175,2023-07-06 17:12:00,7 475,61,7475-268-62
6 175,2023-07-06 08:45:00,7 475,61,6999-392-7475
6 175,2023-07-06 06:55:00,7 469,61,6999-392-7475
8 207,2023-08-31 10:57:00,6 999,61,20701-447-6999
8 207,2023-08-31 09:28:00,6 999,61,20701-447-6999
8 207,2023-08-31 12:03:00,6 999,61,6999-476-7475
8 207,2023-08-31 11:18:00,6 999,61,6999-476-7475
8 207,2023-08-31 11:17:00,6 999,61,6999-476-7475
8 207,2023-08-31 11:08:00,6 999,61,6999-476-7475
8 207,2023-08-31 10:50:00,6 999,61,20701-447-6999
8 207,2023-08-31 14:23:00,7 464,61,6999-476-7475
8 207,2023-08-31 13:04:00,6 999,61,6999-476-7475
8 207,2023-08-30 16:30:00,6 999,61,20701-447-6999
8 207,2023-08-30 16:22:00,6 999,61,20701-447-6999
8 207,2023-08-30 07:17:00,7 460,61,20701-447-6999
8 207,2023-08-30 08:51:00,7 004,61,20701-447-6999
8 207,2023-08-30 10:31:00,6 999,61,20701-447-6999
8 207,2023-08-30 10:21:00,6 999,61,20701-447-6999
8 207,2023-08-30 10:01:01,6 999,61,20701-447-6999
8 207,2023-08-30 10:01:00,6 999,61,20701-447-6999
8 207,2023-08-30 09:10:01,6 999,61,20701-447-6999
8 207,2023-08-30 09:10:00,6 999,61,20701-447-6999
8 207,2023-08-30 08:38:00,7 004,61,20701-447-6999
8 207,2023-08-29 21:59:00,6 479,61,20701-447-6999
8 207,2023-08-27 08:12:00,6 479,61,6484-047-20701
5 972,2023-08-27 00:35:00,65,61,7475-330-62
5 972,2023-08-26 01:55:00,6 999,61,6999-467-7475
5 972,2023-08-26 01:10:00,6 999,61,6999-467-7475
5 972,2023-08-26 01:09:00,6 999,61,6999-467-7475
5 972,2023-08-26 00:46:00,6 999,61,6999-467-7475
5 972,2023-08-26 00:45:00,6 999,61,6999-467-7475
5 972,2023-08-26 00:36:00,6 999,61,6999-467-7475
5 972,2023-08-26 00:29:00,6 999,61,7423-131-6999
5 972,2023-08-26 05:28:00,7 464,61,6999-467-7475
5 972,2023-08-26 04:08:00,6 999,61,6999-467-7475
5 972,2023-08-25 23:59:00,6 999,61,7423-131-6999
5 972,2023-08-25 20:25:00,6 999,61,7423-131-6999
5 972,2023-08-25 20:22:00,6 999,61,7423-131-6999
5 972,2023-08-25 17:44:00,7 004,61,7423-131-6999
5 972,2023-08-25 19:23:00,6 999,61,7423-131-6999
5 972,2023-08-25 18:53:01,6 999,61,7423-131-6999
5 972,2023-08-25 18:53:00,6 999,61,7423-131-6999
5 972,2023-08-25 18:10:00,6 999,61,7423-131-6999
5 211,2023-07-31 16:15:00,6 999,61,20713-263-6999
5 211,2023-07-31 03:29:00,536,61,20713-263-6999
5 211,2023-07-31 14:11:00,6 999,61,20713-263-6999
5 211,2023-07-31 17:20:00,6 999,61,6999-427-7475
5 211,2023-07-31 16:55:00,6 999,61,6999-427-7475
5 211,2023-07-31 16:05:00,6 999,61,20713-263-6999
5 211,2023-07-31 10:26:00,6 999,61,20713-263-6999
5 211,2023-07-31 10:19:00,6 999,61,20713-263-6999
5 211,2023-07-31 21:49:00,7 464,61,6999-427-7475
5 211,2023-07-31 02:30:00,4 598,61,20713-263-6999
5 211,2023-07-31 20:40:00,6 999,61,6999-427-7475
5 211,2023-07-31 09:28:00,6 999,61,20713-263-6999
5 211,2023-07-31 08:58:00,6 999,61,20713-263-6999
5 211,2023-07-31 08:33:00,6 999,61,20713-263-6999
5 211,2023-07-31 08:01:01,6 999,61,20713-263-6999
5 211,2023-07-31 08:01:00,6 999,61,20713-263-6999
5 211,2023-07-30 02:23:00,5 091,61,1043-198-20713
5 211,2023-07-30 01:32:00,5 066,61,1043-198-20713
6 175,2023-07-07 13:23:00,65,61,7475-269-62
6 175,2023-07-06 02:23:00,6 999,61,7464-024-6999
6 175,2023-07-06 03:35:00,6 999,61,6999-392-7475
6 175,2023-07-06 02:51:00,6 999,61,6999-392-7475
6 175,2023-07-06 02:50:00,6 999,61,6999-392-7475
6 175,2023-07-06 02:06:00,6 999,61,7464-024-6999
6 175,2023-07-06 06:08:00,7 464,61,6999-392-7475
6 175,2023-07-06 04:45:00,6 999,61,6999-392-7475
6 175,2023-07-05 23:20:00,6 999,61,7464-024-6999
6 175,2023-07-05 02:37:00,7 464,61,7464-024-6999
6 175,2023-07-05 23:41:00,6 999,61,7464-024-6999
6 175,2023-07-05 02:30:00,7 464,61,6999-132-7464
6 175,2023-07-05 02:32:00,7 464,61,7464-024-6999
6 175,2023-07-05 15:25:00,6 999,61,7464-024-6999
6 175,2023-07-05 15:21:00,6 999,61,7464-024-6999
6 175,2023-07-05 02:31:00,7 464,61,6999-132-7464
6 175,2023-07-05 11:00:00,7 464,61,7464-024-6999
6 175,2023-07-05 13:39:00,6 999,61,7464-024-6999
6 175,2023-07-05 13:09:01,6 999,61,7464-024-6999
6 175,2023-07-05 13:09:00,6 999,61,7464-024-6999
6 175,2023-07-05 13:01:01,6 999,61,7464-024-6999
6 175,2023-07-05 13:01:00,6 999,61,7464-024-6999
8 207,2023-08-31 15:19:00,7 466,61,6999-476-7475
8 207,2023-08-31 14:44:00,7 466,61,6999-476-7475
5 972,2023-08-26 05:46:00,7 466,61,6999-467-7475
5 211,2023-07-31 22:06:00,7 466,61,6999-427-7475
5 211,2023-07-31 07:05:00,7 033,61,20713-263-6999
5 211,2023-07-31 02:18:00,4 574,61,20713-263-6999
5 211,2023-07-31 02:06:00,4 574,61,20713-263-6999
5 211,2023-07-30 00:57:00,4 639,61,1043-198-20713
6 175,2023-07-06 06:25:00,7 466,61,6999-392-7475
8 207,2023-08-31 13:53:00,7 000,61,6999-476-7475
8 207,2023-08-31 13:29:00,7 000,61,6999-476-7475
8 207,2023-08-30 09:00:00,7 000,61,20701-447-6999
8 207,2023-08-29 23:04:00,6 497,61,20701-447-6999
8 207,2023-08-29 22:39:00,6 484,61,20701-447-6999
8 207,2023-08-27 05:15:00,6 484,61,6479-005-6484
8 207,2023-08-27 05:30:00,6 484,61,6484-500-6999
8 207,2023-08-27 05:15:00,6 484,61,6484-500-6522
8 207,2023-08-27 05:04:00,6 484,61,6479-005-6484
8 207,2023-08-27 06:28:00,6 484,61,6484-047-20701
8 207,2023-08-27 06:06:00,6 484,61,6484-500-6999
8 207,2023-08-27 05:05:00,6 484,61,6479-005-6484
8 207,2023-08-27 07:29:00,6 484,61,6484-047-20701
5 972,2023-08-26 04:54:00,7 000,61,6999-467-7475
5 972,2023-08-26 04:40:00,7 000,61,6999-467-7475
5 972,2023-08-25 18:02:00,7 000,61,7423-131-6999
5 972,2023-08-25 16:25:00,7 417,61,7423-131-6999
5 972,2023-08-25 17:51:00,7 000,61,7423-131-6999
5 972,2023-08-25 15:20:00,7 417,61,7423-131-6999
5 211,2023-07-31 21:14:00,7 000,61,6999-427-7475
5 211,2023-07-31 21:04:00,7 000,61,6999-427-7475
5 211,2023-07-30 03:01:00,5 097,61,1043-198-20713
5 211,2023-07-30 02:43:00,5 094,61,1043-198-20713
5 211,2023-07-30 01:14:00,5 061,61,1043-198-20713
6 175,2023-07-06 05:40:00,7 000,61,6999-392-7475
6 175,2023-07-06 05:24:00,7 000,61,6999-392-7475
6 175,2023-07-05 12:23:00,7 000,61,7464-024-6999
6 175,2023-07-05 11:38:00,7 000,61,7464-024-6999
8 207,2023-08-31 15:40:00,7 468,61,6999-476-7475
8 207,2023-08-31 14:29:00,7 465,61,6999-476-7475
8 207,2023-08-30 07:47:00,7 452,61,20701-447-6999
8 207,2023-08-29 22:10:00,6 480,61,20701-447-6999
5 972,2023-08-27 16:50:00,61,61,62-096-61
5 972,2023-08-27 16:09:00,61,61,62-096-61
8 207,2023-08-27 08:05:00,6 480,61,6484-047-20701
5 972,2023-08-27 17:56:00,61,61,62-096-61
5 972,2023-08-27 15:56:00,61,61,62-096-61
5 972,2023-08-26 06:04:00,7 468,61,6999-467-7475
5 972,2023-08-26 05:36:00,7 465,61,6999-467-7475
5 211,2023-08-02 14:00:00,61,61,62-053-61
5 211,2023-08-02 08:00:00,61,61,62-053-61
5 211,2023-08-02 10:20:00,61,61,62-053-61
5 211,2023-08-01 21:43:00,61,61,62-053-61
5 211,2023-07-31 00:41:00,20 713,61,20713-263-6999
5 211,2023-07-31 22:22:00,7 468,61,6999-427-7475
5 211,2023-07-31 21:56:00,7 465,61,6999-427-7475
5 211,2023-07-31 01:45:00,4 569,61,20713-263-6999
5 211,2023-07-31 01:30:00,20 713,61,20713-263-6999
5 211,2023-07-30 23:24:00,20 713,61,1043-198-20713
5 211,2023-07-30 19:48:00,20 713,61,1043-198-20713
5 211,2023-07-30 23:56:01,20 713,61,20713-263-6999
5 211,2023-07-30 23:56:00,20 713,61,20713-263-6999
5 211,2023-07-30 23:25:00,20 713,61,20713-263-6999
5 211,2023-07-30 08:02:00,20 713,61,1043-198-20713
5 211,2023-07-30 05:03:00,20 713,61,1043-198-20713
5 211,2023-07-30 04:43:01,20 713,61,1043-198-20713
5 211,2023-07-30 04:43:00,20 713,61,1043-198-20713
5 211,2023-07-30 04:25:01,20 713,61,1043-198-20713
5 211,2023-07-30 04:25:00,20 713,61,1043-198-20713
5 211,2023-07-29 03:56:00,1 052,61,1052-373-1043
5 211,2023-07-29 03:59:00,1 052,61,1052-373-1043
5 211,2023-07-29 03:55:00,1 052,61,1052-373-1043
5 211,2023-07-29 05:21:00,1 052,61,1052-373-1043
5 211,2023-07-28 17:45:00,1 052,61,1052-373-1043
5 211,2023-07-28 17:44:00,1 052,61,1052-373-1043
5 211,2023-07-28 06:14:00,1 052,61,1052-373-1043
5 211,2023-07-28 01:15:00,5 108,61,5108-311-1052
5 211,2023-07-28 01:24:00,1 052,61,5108-311-1052
5 211,2023-07-28 01:18:00,5 108,61,5108-311-1052
5 211,2023-07-28 01:22:00,1 052,61,5108-311-1052
5 211,2023-07-27 18:46:00,5 108,61,1052-152-5108
5 211,2023-07-27 22:30:00,5 108,61,1052-152-5108
6 175,2023-07-08 12:50:00,61,61,62-903-61
6 175,2023-07-08 14:35:00,61,61,62-903-61
6 175,2023-07-08 13:10:00,61,61,62-903-61
6 175,2023-07-08 12:35:00,61,61,62-903-61
6 175,2023-07-06 06:43:00,7 468,61,6999-392-7475
6 175,2023-07-06 06:15:00,7 465,61,6999-392-7475
8 207,2023-08-30 08:03:00,7 447,61,20701-447-6999
8 207,2023-08-30 05:35:00,6 542,61,20701-447-6999
8 207,2023-08-30 05:13:00,6 522,61,20701-447-6999
8 207,2023-08-30 04:59:00,6 522,61,20701-447-6999
8 207,2023-08-30 04:31:00,6 522,61,20701-447-6999
8 207,2023-08-29 23:57:00,6 522,61,20701-447-6999
5 972,2023-08-25 17:20:00,7 447,61,7423-131-6999
5 211,2023-07-31 02:41:00,4 596,61,20713-263-6999
8 207,2023-08-31 14:05:00,7 461,61,6999-476-7475
8 207,2023-08-30 08:18:00,7 006,61,20701-447-6999
8 207,2023-08-30 05:48:00,6 544,61,20701-447-6999
8 207,2023-08-29 21:16:00,6 059,61,20701-447-6999
5 972,2023-08-27 01:05:00,62,61,7475-330-62
5 972,2023-08-27 13:56:00,62,61,62-096-61
5 972,2023-08-27 09:00:00,62,61,7475-330-62
8 207,2023-08-27 08:55:00,6 059,61,6484-047-20701
5 972,2023-08-27 15:48:00,62,61,62-096-61
5 972,2023-08-27 00:53:00,62,61,7475-330-62
5 972,2023-08-26 05:07:00,7 461,61,6999-467-7475
5 972,2023-08-25 13:21:00,7 423,61,7423-131-6999
5 972,2023-08-25 06:22:00,7 423,61,7423-131-6999
5 972,2023-08-25 17:32:00,7 006,61,7423-131-6999
5 972,2023-08-25 15:15:00,7 423,61,7423-131-6999
5 972,2023-08-24 16:49:00,7 423,61,1125-322-7423
5 972,2023-08-24 22:50:00,7 423,61,1125-322-7423
5 211,2023-08-01 20:53:00,62,61,62-053-61
5 211,2023-08-01 18:30:00,62,61,7475-311-62
5 211,2023-08-01 21:34:00,62,61,62-053-61
5 211,2023-08-01 18:23:00,62,61,7475-311-62
5 211,2023-07-31 05:50:00,7 027,61,20713-263-6999
5 211,2023-07-31 21:29:00,7 461,61,6999-427-7475
5 211,2023-07-31 02:01:00,4 571,61,20713-263-6999
5 211,2023-07-31 06:14:00,7 027,61,20713-263-6999
5 211,2023-07-30 00:11:00,1 043,61,1043-198-20713
5 211,2023-07-30 03:54:00,5 107,61,1043-198-20713
5 211,2023-07-30 03:16:00,5 099,61,1043-198-20713
5 211,2023-07-30 00:45:00,1 043,61,1043-198-20713
5 211,2023-07-29 21:08:00,1 043,61,1052-373-1043
5 211,2023-07-29 15:42:00,1 043,61,1052-373-1043
5 211,2023-07-29 21:08:01,1 043,61,1052-373-1043
5 211,2023-07-29 23:11:00,1 043,61,1043-198-20713
5 211,2023-07-29 21:11:00,1 043,61,1043-198-20713
5 211,2023-07-29 21:10:00,1 043,61,1043-198-20713
5 211,2023-07-29 21:08:00,1 043,61,1043-198-20713
5 211,2023-07-29 11:14:00,1 043,61,1052-373-1043
5 211,2023-07-29 10:40:01,1 043,61,1052-373-1043
5 211,2023-07-29 10:40:00,1 043,61,1052-373-1043
5 211,2023-07-29 10:03:00,1 043,61,1052-373-1043
5 211,2023-07-29 08:00:01,1 043,61,1052-373-1043
5 211,2023-07-29 08:00:00,1 043,61,1052-373-1043
5 211,2023-07-29 05:43:00,1 043,61,1052-373-1043
6 175,2023-07-08 10:04:00,62,61,62-903-61
6 175,2023-07-08 04:21:00,62,61,62-903-61
6 175,2023-07-08 12:27:00,62,61,62-903-61
6 175,2023-07-07 14:04:00,62,61,7475-269-62
6 175,2023-07-07 13:40:00,62,61,7475-269-62
6 175,2023-07-06 05:50:00,7 461,61,6999-392-7475
6 175,2023-07-05 11:22:00,7 461,61,7464-024-6999
8 207,2023-08-31 14:10:00,7 462,61,6999-476-7475
8 207,2023-08-30 07:40:00,7 455,61,20701-447-6999
8 207,2023-08-29 17:32:00,20 701,61,6484-047-20701
8 207,2023-08-29 18:40:00,20 701,61,20701-447-6999
8 207,2023-08-29 17:59:00,20 701,61,20701-447-6999
8 207,2023-08-29 17:39:00,20 701,61,20701-447-6999
8 207,2023-08-29 17:37:00,20 701,61,20701-447-6999
8 207,2023-08-29 17:35:00,20 701,61,6484-047-20701
8 207,2023-08-29 15:41:00,20 701,61,6484-047-20701
8 207,2023-08-29 15:20:00,20 701,61,6484-047-20701
8 207,2023-08-29 21:00:00,20 701,61,20701-447-6999
8 207,2023-08-27 21:05:00,20 701,61,6484-047-20701
8 207,2023-08-27 21:04:00,20 701,61,6484-047-20701
8 207,2023-08-27 20:35:00,20 701,61,6484-047-20701
8 207,2023-08-27 09:59:00,20 701,61,6484-047-20701
8 207,2023-08-27 09:19:01,20 701,61,6484-047-20701
8 207,2023-08-27 09:19:00,20 701,61,6484-047-20701
8 207,2023-08-27 09:14:00,20 701,61,6484-047-20701
5 972,2023-08-26 05:13:00,7 462,61,6999-467-7475
5 211,2023-07-31 21:35:00,7 462,61,6999-427-7475
5 211,2023-07-30 02:13:00,5 089,61,1043-198-20713
6 175,2023-07-06 05:55:00,7 462,61,6999-392-7475
6 175,2023-07-05 11:17:00,7 462,61,7464-024-6999
5 717,2023-08-15 04:56:00,63,61,7475-157-62
5 717,2023-08-15 04:39:00,7 475,61,7475-157-62
5 717,2023-08-14 18:55:00,7 475,61,7475-157-62
5 717,2023-08-14 18:53:00,7 475,61,7475-157-62
5 717,2023-08-14 18:50:00,7 475,61,7475-157-62
5 717,2023-08-14 02:21:00,7 475,61,6999-447-7475
5 717,2023-08-14 02:05:00,7 475,61,6999-447-7475
5 717,2023-08-15 04:43:00,65,61,7475-157-62
5 717,2023-08-13 15:53:00,6 999,61,7465-101-6999
5 717,2023-08-13 22:15:00,6 999,61,6999-447-7475
5 717,2023-08-13 21:45:00,6 999,61,6999-447-7475
5 717,2023-08-13 21:44:00,6 999,61,6999-447-7475
5 717,2023-08-13 21:27:00,6 999,61,6999-447-7475
5 717,2023-08-13 21:16:00,6 999,61,6999-447-7475
5 717,2023-08-13 21:05:00,6 999,61,6999-447-7475
5 717,2023-08-13 20:46:00,6 999,61,6999-447-7475
5 717,2023-08-13 16:32:00,6 999,61,6999-447-7475
5 717,2023-08-13 14:24:00,6 999,61,7465-101-6999
5 717,2023-08-13 14:21:00,6 999,61,7465-101-6999
5 717,2023-08-13 22:55:00,6 999,61,6999-447-7475
5 717,2023-08-13 11:48:00,7 464,61,7465-101-6999
5 717,2023-08-13 13:06:00,6 999,61,7465-101-6999
5 717,2023-08-13 12:36:01,6 999,61,7465-101-6999
5 717,2023-08-13 12:36:00,6 999,61,7465-101-6999
5 717,2023-08-13 12:29:01,6 999,61,7465-101-6999
5 717,2023-08-13 12:29:00,6 999,61,7465-101-6999
5 717,2023-08-13 10:55:00,7 464,61,7465-101-6999
5 717,2023-08-13 12:20:00,7 000,61,7465-101-6999
5 717,2023-08-13 23:21:00,7 000,61,6999-447-7475
5 717,2023-08-13 23:19:00,7 000,61,6999-447-7475
5 717,2023-08-16 08:10:00,61,61,62-059-61
5 717,2023-08-15 16:48:00,61,61,62-059-61
5 717,2023-08-15 18:40:00,61,61,62-059-61
5 717,2023-08-15 16:40:00,61,61,62-059-61
5 717,2023-08-13 04:39:00,7 465,61,7465-101-6999
5 717,2023-08-13 10:45:00,7 465,61,7465-101-6999
5 717,2023-08-12 15:59:00,7 465,61,6999-136-7468
5 717,2023-08-12 20:05:00,7 465,61,7465-100-6999
5 717,2023-08-12 20:06:00,7 465,61,7465-100-6999
5 717,2023-08-12 18:01:00,7 465,61,6999-136-7468
6 911,2023-08-09 08:00:00,61,61,62-065-61
6 911,2023-08-09 10:30:00,61,61,62-065-61
6 911,2023-08-09 00:41:00,61,61,62-065-61
5 717,2023-08-15 14:41:00,62,61,62-059-61
5 717,2023-08-15 08:52:00,62,61,7475-157-62
5 717,2023-08-15 16:31:00,62,61,62-059-61
5 717,2023-08-15 05:03:00,62,61,7475-157-62
5 717,2023-08-13 12:11:00,7 461,61,7465-101-6999
6 911,2023-08-09 00:30:00,62,61,62-065-61
6 911,2023-08-08 23:27:00,62,61,62-065-61
6 911,2023-08-08 17:26:00,62,61,7475-313-62
6 911,2023-08-08 23:03:00,62,61,62-065-61
6 911,2023-08-08 17:45:00,62,61,7475-313-62
5 717,2023-08-13 12:05:00,7 462,61,7465-101-6999
8 063,2023-07-14 04:44:00,63,61,7475-553-62
8 063,2023-07-14 04:21:00,7 475,61,7475-553-62
8 063,2023-07-13 22:42:00,7 475,61,7475-553-62
8 063,2023-07-13 11:57:00,7 475,61,6999-401-7475
8 063,2023-07-13 10:51:00,7 469,61,6999-401-7475
8 063,2023-07-13 11:14:00,7 471,61,6999-401-7475
8 063,2023-07-13 11:40:00,7 475,61,6999-401-7475
8 063,2023-07-13 11:04:00,7 471,61,6999-401-7475
8 063,2023-07-12 13:18:00,20 714,61,20713-168-6999
8 063,2023-07-11 08:15:00,5 631,61,17538-852-22692
8 063,2023-07-10 14:04:00,6 628,61,17538-852-22692
8 063,2023-07-10 17:04:00,6 598,61,17538-852-22692
8 063,2023-07-10 15:34:00,6 614,61,17538-852-22692
8 063,2023-07-10 14:26:00,6 625,61,17538-852-22692
8 063,2023-07-10 08:24:00,6 663,61,17538-852-22692
8 063,2023-07-10 07:12:00,7 045,61,17538-852-22692
8 063,2023-07-10 06:41:00,7 052,61,17538-852-22692
8 063,2023-07-10 23:31:00,6 169,61,17538-852-22692
8 063,2023-07-10 18:55:00,6 169,61,17538-852-22692
8 063,2023-07-09 21:23:00,7 082,61,20792-265-6999
8 063,2023-07-14 04:29:00,65,61,7475-553-62
8 063,2023-07-13 05:30:00,6 999,61,20713-168-6999
8 063,2023-07-13 04:54:00,6 999,61,20713-168-6999
8 063,2023-07-13 06:35:00,6 999,61,6999-401-7475
8 063,2023-07-13 05:54:00,6 999,61,6999-401-7475
8 063,2023-07-13 05:23:00,6 999,61,20713-168-6999
8 063,2023-07-13 10:07:00,7 464,61,6999-401-7475
8 063,2023-07-13 09:13:00,6 999,61,6999-401-7475
8 063,2023-07-12 13:38:00,536,61,20713-168-6999
8 063,2023-07-12 20:38:00,6 999,61,20713-168-6999
8 063,2023-07-12 20:25:00,6 999,61,20713-168-6999
8 063,2023-07-12 12:49:00,4 598,61,20713-168-6999
8 063,2023-07-12 19:32:00,6 999,61,20713-168-6999
8 063,2023-07-12 19:06:00,6 999,61,20713-168-6999
8 063,2023-07-12 18:34:00,6 999,61,20713-168-6999
8 063,2023-07-12 18:05:01,6 999,61,20713-168-6999
8 063,2023-07-12 18:05:00,6 999,61,20713-168-6999
8 063,2023-07-11 12:30:00,5 574,61,17538-852-22692
8 063,2023-07-11 15:56:00,5 574,61,5574-003-20713
8 063,2023-07-11 15:10:00,5 574,61,5574-003-20713
8 063,2023-07-11 20:56:00,4 580,61,5574-003-20713
8 063,2023-07-11 20:44:00,4 582,61,5574-003-20713
8 063,2023-07-11 08:43:00,5 627,61,17538-852-22692
8 063,2023-07-11 18:26:00,5 574,61,5574-003-20713
8 063,2023-07-11 11:27:00,5 574,61,17538-852-22692
8 063,2023-07-11 11:10:00,5 574,61,17538-852-22692
8 063,2023-07-10 17:47:00,6 554,61,17538-852-22692
8 063,2023-07-10 17:15:00,6 596,61,17538-852-22692
8 063,2023-07-10 16:49:00,6 601,61,17538-852-22692
8 063,2023-07-10 14:38:00,6 623,61,17538-852-22692
8 063,2023-07-10 13:24:00,6 632,61,17538-852-22692
8 063,2023-07-09 05:15:00,20 792,61,17467-696-20792
8 063,2023-07-09 05:01:00,20 792,61,17467-696-20792
8 063,2023-07-09 04:13:00,20 792,61,17467-696-20792
8 063,2023-07-09 04:00:00,20 792,61,17467-696-20792
8 063,2023-07-09 01:43:01,20 792,61,17467-696-20792
8 063,2023-07-09 05:15:01,20 792,61,17467-696-20792
8 063,2023-07-09 01:45:00,20 792,61,17467-696-20792
8 063,2023-07-09 10:24:00,20 792,61,17467-696-20792
8 063,2023-07-09 01:38:00,20 792,61,17467-696-20792
8 063,2023-07-09 11:45:00,20 792,61,20792-265-6999
8 063,2023-07-09 11:00:01,20 792,61,20792-265-6999
8 063,2023-07-09 11:00:00,20 792,61,20792-265-6999
8 063,2023-07-09 10:48:00,20 792,61,20792-265-6999
8 063,2023-07-09 10:27:00,20 792,61,20792-265-6999
8 063,2023-07-09 10:25:00,20 792,61,17467-696-20792
8 063,2023-07-09 01:43:00,20 792,61,17467-696-20792
8 063,2023-07-09 08:24:00,20 792,61,17467-696-20792
8 063,2023-07-09 07:48:00,20 792,61,17467-696-20792
8 063,2023-07-09 20:37:00,7 086,61,20792-265-6999
8 063,2023-07-09 17:45:00,7 093,61,20792-265-6999
8 063,2023-07-09 14:55:00,17 483,61,20792-265-6999
8 063,2023-07-09 12:33:00,20 792,61,20792-265-6999
8 063,2023-07-08 11:03:00,17 467,61,17477-365-17467
8 063,2023-07-08 00:47:00,17 467,61,17477-365-17467
8 063,2023-07-08 12:15:00,17 467,61,17467-696-20792
8 063,2023-07-08 23:20:00,20 792,61,17467-696-20792
8 063,2023-07-08 23:05:00,20 792,61,17467-696-20792
8 063,2023-07-08 14:31:00,25 010,61,17467-696-20792
8 063,2023-07-08 11:03:00,17 467,61,17477-365-17467
8 063,2023-07-08 13:37:00,17 467,61,17467-696-20792
8 063,2023-07-08 16:28:00,20 792,61,17467-696-20792
8 063,2023-07-08 16:02:01,20 792,61,17467-696-20792
8 063,2023-07-08 16:02:00,20 792,61,17467-696-20792
8 063,2023-07-08 15:50:00,20 792,61,17467-696-20792
8 063,2023-07-13 10:24:00,7 466,61,6999-401-7475
8 063,2023-07-12 16:59:00,7 033,61,20713-168-6999
8 063,2023-07-12 12:39:00,4 574,61,20713-168-6999
8 063,2023-07-11 09:55:00,5 613,61,17538-852-22692
8 063,2023-07-11 09:20:00,5 619,61,17538-852-22692
8 063,2023-07-11 05:45:00,5 650,61,17538-852-22692
8 063,2023-07-11 03:29:00,5 659,61,17538-852-22692
8 063,2023-07-10 16:03:00,6 610,61,17538-852-22692
8 063,2023-07-10 07:38:00,6 668,61,17538-852-22692
8 063,2023-07-10 07:28:00,6 670,61,17538-852-22692
8 063,2023-07-10 07:19:00,7 044,61,17538-852-22692
8 063,2023-07-10 04:19:00,7 069,61,17538-852-22692
8 063,2023-07-10 02:14:00,7 081,61,17538-852-22692
8 063,2023-07-09 23:40:00,7 081,61,20792-265-7081
8 063,2023-07-09 23:25:00,7 081,61,20792-265-7081
8 063,2023-07-09 23:41:00,7 081,61,17538-852-22692
8 063,2023-07-09 23:30:00,7 081,61,20792-265-7081
8 063,2023-07-09 20:54:00,7 085,61,20792-265-6999
8 063,2023-07-09 13:10:00,17 443,61,20792-265-6999
8 063,2023-07-09 21:42:00,7 081,61,20792-265-6999
8 063,2023-07-08 15:11:00,17 454,61,17467-696-20792
8 063,2023-07-08 14:44:00,17 454,61,17467-696-20792
8 063,2023-07-08 14:39:00,17 454,61,17467-696-20792
8 063,2023-07-13 09:38:00,7 000,61,6999-401-7475
8 063,2023-07-11 18:47:00,5 600,61,5574-003-20713
8 063,2023-07-11 09:11:00,5 621,61,17538-852-22692
8 063,2023-07-11 08:01:00,5 633,61,17538-852-22692
8 063,2023-07-11 06:05:00,5 648,61,17538-852-22692
8 063,2023-07-11 02:14:00,5 669,61,17538-852-22692
8 063,2023-07-11 19:30:00,5 595,61,5574-003-20713
8 063,2023-07-11 18:47:00,5 600,61,5574-003-20713
8 063,2023-07-11 19:16:00,5 595,61,5574-003-20713
8 063,2023-07-11 18:45:00,5 600,61,5574-003-20713
8 063,2023-07-10 15:24:00,6 615,61,17538-852-22692
8 063,2023-07-10 14:59:00,6 619,61,17538-852-22692
8 063,2023-07-10 05:59:00,7 059,61,17538-852-22692
8 063,2023-07-10 05:00:00,7 064,61,17538-852-22692
8 063,2023-07-10 11:44:00,20 716,61,17538-852-22692
8 063,2023-07-10 09:47:00,20 716,61,17538-852-22692
8 063,2023-07-09 19:41:00,7 090,61,20792-265-6999
8 063,2023-07-09 13:34:00,17 446,61,20792-265-6999
8 063,2023-07-09 18:26:00,7 090,61,20792-265-6999
8 063,2023-07-09 13:29:00,17 446,61,20792-265-6999
8 063,2023-07-19 12:05:00,61,61,62-338-61
8 063,2023-07-19 13:23:00,61,61,62-338-61
8 063,2023-07-19 13:35:00,61,61,62-338-61
8 063,2023-07-19 15:45:00,61,61,62-338-61
8 063,2023-07-15 11:14:00,61,61,62-338-61
8 063,2023-07-14 17:00:00,61,61,62-338-61
8 063,2023-07-14 18:26:00,61,61,62-338-61
8 063,2023-07-14 16:26:00,61,61,62-338-61
8 063,2023-07-13 10:40:00,7 468,61,6999-401-7475
8 063,2023-07-13 10:15:00,7 465,61,6999-401-7475
8 063,2023-07-12 09:26:00,20 713,61,5574-003-20713
8 063,2023-07-12 11:04:00,20 713,61,20713-168-6999
8 063,2023-07-12 10:19:01,20 713,61,20713-168-6999
8 063,2023-07-12 10:19:00,20 713,61,20713-168-6999
8 063,2023-07-12 09:54:00,20 713,61,20713-168-6999
8 063,2023-07-12 09:42:00,20 713,61,20713-168-6999
8 063,2023-07-12 02:35:00,20 713,61,5574-003-20713
8 063,2023-07-12 02:31:00,20 713,61,5574-003-20713
8 063,2023-07-12 12:09:00,4 569,61,20713-168-6999
8 063,2023-07-12 11:50:00,20 713,61,20713-168-6999
8 063,2023-07-12 00:56:00,20 713,61,5574-003-20713
8 063,2023-07-12 00:36:01,20 713,61,5574-003-20713
8 063,2023-07-12 00:36:00,20 713,61,5574-003-20713
8 063,2023-07-11 01:33:00,6 115,61,17538-852-22692
8 063,2023-07-11 06:22:00,5 645,61,17538-852-22692
8 063,2023-07-11 02:55:00,5 662,61,17538-852-22692
8 063,2023-07-11 23:45:00,4 569,61,5574-003-20713
8 063,2023-07-11 23:58:01,20 713,61,5574-003-20713
8 063,2023-07-11 23:58:00,20 713,61,5574-003-20713
8 063,2023-07-11 23:35:00,4 569,61,5574-003-20713
8 063,2023-07-11 23:28:00,4 569,61,5574-003-20713
8 063,2023-07-10 14:31:00,6 624,61,17538-852-22692
8 063,2023-07-10 12:16:00,6 641,61,17538-852-22692
8 063,2023-07-10 08:01:00,6 667,61,17538-852-22692
8 063,2023-07-10 07:02:00,7 048,61,17538-852-22692
8 063,2023-07-10 05:36:00,7 060,61,17538-852-22692
8 063,2023-07-09 17:26:00,17 506,61,20792-265-6999
8 063,2023-07-09 17:26:00,17 506,61,20792-265-6999
8 063,2023-07-09 14:15:00,17 477,61,20792-265-6999
8 063,2023-07-09 17:07:00,17 506,61,20792-265-6999
8 063,2023-07-09 15:46:00,17 506,61,20792-265-6999
8 063,2023-07-09 15:39:00,17 506,61,20792-265-6999
8 063,2023-07-12 12:59:00,4 596,61,20713-168-6999
8 063,2023-07-11 19:58:00,4 592,61,5574-003-20713
8 063,2023-07-11 19:50:00,4 592,61,5574-003-20713
8 063,2023-07-11 19:58:00,4 592,61,5574-003-20713
8 063,2023-07-11 19:50:00,4 592,61,5574-003-20713
8 063,2023-07-11 08:30:00,5 629,61,17538-852-22692
8 063,2023-07-11 20:23:00,4 592,61,5574-003-20713
8 063,2023-07-10 17:34:00,6 558,61,17538-852-22692
8 063,2023-07-10 17:20:00,6 595,61,17538-852-22692
8 063,2023-07-10 13:41:00,6 631,61,17538-852-22692
8 063,2023-07-10 12:28:00,6 638,61,17538-852-22692
8 063,2023-07-10 04:40:00,7 068,61,17538-852-22692
8 063,2023-07-10 03:01:00,7 076,61,17538-852-22692
8 063,2023-07-09 20:17:00,7 087,61,20792-265-6999
8 063,2023-07-14 14:18:00,62,61,62-338-61
8 063,2023-07-14 06:00:00,62,61,7475-553-62
8 063,2023-07-14 16:17:00,62,61,62-338-61
8 063,2023-07-14 04:56:00,62,61,7475-553-62
8 063,2023-07-13 09:47:00,7 461,61,6999-401-7475
8 063,2023-07-12 15:40:00,7 027,61,20713-168-6999
8 063,2023-07-12 12:29:00,4 571,61,20713-168-6999
8 063,2023-07-11 21:18:00,4 576,61,5574-003-20713
8 063,2023-07-11 10:28:00,5 604,61,17538-852-22692
8 063,2023-07-11 10:18:00,5 605,61,17538-852-22692
8 063,2023-07-11 09:32:00,20 715,61,17538-852-22692
8 063,2023-07-11 06:27:00,5 644,61,17538-852-22692
8 063,2023-07-11 05:36:00,5 651,61,17538-852-22692
8 063,2023-07-11 03:18:00,5 661,61,17538-852-22692
8 063,2023-07-11 23:06:00,4 571,61,5574-003-20713
8 063,2023-07-11 21:30:00,4 572,61,5574-003-20713
8 063,2023-07-11 21:50:00,4 571,61,5574-003-20713
8 063,2023-07-11 21:29:00,4 572,61,5574-003-20713
8 063,2023-07-10 15:44:00,6 613,61,17538-852-22692
8 063,2023-07-10 14:46:00,6 621,61,17538-852-22692
8 063,2023-07-10 12:44:00,6 636,61,17538-852-22692
8 063,2023-07-10 03:15:00,7 074,61,17538-852-22692
8 063,2023-07-08 14:24:00,16 872,61,17467-696-20792
8 063,2023-07-08 14:16:00,16 872,61,17467-696-20792
8 063,2023-07-13 09:52:00,7 462,61,6999-401-7475
8 063,2023-07-11 10:45:00,5 601,61,17538-852-22692
8 063,2023-07-11 10:07:00,5 610,61,17538-852-22692
8 063,2023-07-11 09:02:00,5 623,61,17538-852-22692
8 063,2023-07-11 07:17:00,5 638,61,17538-852-22692
8 063,2023-07-11 07:12:00,5 641,61,17538-852-22692
8 063,2023-07-11 03:46:00,5 657,61,17538-852-22692
8 063,2023-07-11 04:54:00,5 654,61,17538-852-22692
8 063,2023-07-11 04:27:00,5 654,61,17538-852-22692
8 063,2023-07-10 16:21:00,6 607,61,17538-852-22692
8 063,2023-07-10 13:03:00,6 634,61,17538-852-22692
8 063,2023-07-10 06:51:00,7 049,61,17538-852-22692
8 063,2023-07-10 06:19:00,7 055,61,17538-852-22692
8 063,2023-07-10 03:53:00,7 072,61,17538-852-22692
8 063,2023-07-10 03:33:00,7 073,61,17538-852-22692
8 063,2023-07-10 02:51:00,7 077,61,17538-852-22692
8 063,2023-07-10 02:36:00,7 079,61,17538-852-22692
9 940,2023-06-15 19:20:00,7 475,61,7475-138-61
9 940,2023-06-15 11:43:00,7 475,61,7475-138-62
9 940,2023-06-15 11:41:00,7 475,61,6999-347-7475
9 940,2023-06-15 20:04:00,63,61,7475-138-61
9 940,2023-06-15 10:22:00,7 469,61,6999-347-7475
9 940,2023-06-15 19:42:00,7 475,61,7475-138-61
9 940,2023-06-14 18:42:00,20 714,61,20792-200-6999
9 940,2023-06-14 16:05:00,5 598,61,20792-200-6999
9 940,2023-06-14 10:03:00,5 631,61,20792-200-6999
9 940,2023-06-14 00:25:00,6 169,61,20792-200-6999
9 940,2023-06-14 00:02:00,6 169,61,20792-200-6999
9 940,2023-06-13 16:35:00,6 628,61,20792-200-6999
9 940,2023-06-13 22:11:00,6 598,61,20792-200-6999
9 940,2023-06-13 19:02:00,6 614,61,20792-200-6999
9 940,2023-06-13 13:08:00,6 663,61,20792-200-6999
9 940,2023-06-13 11:44:00,7 045,61,20792-200-6999
9 940,2023-06-13 11:15:00,7 052,61,20792-200-6999
9 940,2023-06-13 03:06:00,7 082,61,20792-200-6999
9 940,2023-06-13 17:48:00,6 625,61,20792-200-6999
9 940,2023-06-13 17:07:00,6 625,61,20792-200-6999
9 940,2023-06-15 03:44:00,6 999,61,20792-200-6999
9 940,2023-06-15 02:59:01,6 999,61,20792-200-6999
9 940,2023-06-15 02:59:00,6 999,61,20792-200-6999
9 940,2023-06-15 04:55:00,6 999,61,6999-347-7475
9 940,2023-06-15 04:10:00,6 999,61,6999-347-7475
9 940,2023-06-15 04:09:00,6 999,61,6999-347-7475
9 940,2023-06-15 03:45:00,6 999,61,6999-347-7475
9 940,2023-06-15 03:36:00,6 999,61,20792-200-6999
9 940,2023-06-15 00:23:00,6 999,61,20792-200-6999
9 940,2023-06-15 00:22:00,6 999,61,20792-200-6999
9 940,2023-06-15 19:50:00,65,61,7475-138-61
9 940,2023-06-15 08:33:00,7 464,61,6999-347-7475
9 940,2023-06-15 07:20:00,6 999,61,6999-347-7475
9 940,2023-06-14 19:15:00,536,61,20792-200-6999
9 940,2023-06-14 18:07:00,4 598,61,20792-200-6999
9 940,2023-06-14 17:01:00,4 580,61,20792-200-6999
9 940,2023-06-14 16:47:00,4 582,61,20792-200-6999
9 940,2023-06-14 10:29:00,5 627,61,20792-200-6999
9 940,2023-06-14 15:25:00,5 574,61,20792-200-6999
9 940,2023-06-14 02:24:00,6 140,61,20792-200-6999
9 940,2023-06-14 23:20:00,6 999,61,20792-200-6999
9 940,2023-06-14 22:50:01,6 999,61,20792-200-6999
9 940,2023-06-14 22:50:00,6 999,61,20792-200-6999
9 940,2023-06-14 22:30:01,6 999,61,20792-200-6999
9 940,2023-06-14 22:30:00,6 999,61,20792-200-6999
9 940,2023-06-14 14:09:00,5 574,61,20792-200-6999
9 940,2023-06-14 02:14:00,6 140,61,20792-200-6999
9 940,2023-06-13 23:12:00,6 554,61,20792-200-6999
9 940,2023-06-13 22:24:00,6 596,61,20792-200-6999
9 940,2023-06-13 21:59:00,6 601,61,20792-200-6999
9 940,2023-06-13 18:09:00,6 623,61,20792-200-6999
9 940,2023-06-13 15:55:00,6 632,61,20792-200-6999
9 940,2023-06-13 02:21:00,7 086,61,20792-200-6999
9 940,2023-06-13 00:58:00,7 093,61,20792-200-6999
9 940,2023-06-12 07:04:00,20 792,61,17467-605-20792
9 940,2023-06-12 11:45:00,20 792,61,20792-200-6999
9 940,2023-06-12 11:00:01,20 792,61,20792-200-6999
9 940,2023-06-12 11:00:00,20 792,61,20792-200-6999
9 940,2023-06-12 10:37:00,20 792,61,20792-200-6999
9 940,2023-06-12 10:30:00,20 792,61,20792-200-6999
9 940,2023-06-12 10:29:00,20 792,61,20792-200-6999
9 940,2023-06-12 20:15:00,17 483,61,20792-200-6999
9 940,2023-06-12 14:55:00,20 792,61,20792-200-6999
9 940,2023-06-12 16:21:00,17 483,61,20792-200-6999
9 940,2023-06-11 03:15:00,17 467,61,17467-605-20792
9 940,2023-06-11 12:51:00,20 792,61,17467-605-20792
9 940,2023-06-11 12:27:00,20 792,61,17467-605-20792
9 940,2023-06-11 05:20:00,17 467,61,17467-605-20792
9 940,2023-06-11 07:13:00,20 792,61,17467-605-20792
9 940,2023-06-11 06:54:00,20 792,61,17467-605-20792
9 940,2023-06-11 06:33:00,20 792,61,17467-605-20792
9 940,2023-06-11 06:24:00,20 792,61,17467-605-20792
9 940,2023-06-10 21:56:00,17 467,61,17477-635-17467
9 940,2023-06-10 13:19:00,17 467,61,17477-635-17467
9 940,2023-06-10 22:02:00,17 467,61,17467-605-20792
9 940,2023-06-10 21:56:00,17 467,61,17477-635-17467
9 940,2023-06-15 08:49:00,7 466,61,6999-347-7475
9 940,2023-06-14 21:44:00,7 033,61,20792-200-6999
9 940,2023-06-14 12:48:00,5 613,61,20792-200-6999
9 940,2023-06-14 11:04:00,5 619,61,20792-200-6999
9 940,2023-06-14 07:54:00,5 650,61,20792-200-6999
9 940,2023-06-14 05:15:00,5 659,61,20792-200-6999
9 940,2023-06-14 12:37:00,5 613,61,20792-200-6999
9 940,2023-06-13 19:31:00,6 610,61,20792-200-6999
9 940,2023-06-13 12:04:00,6 670,61,20792-200-6999
9 940,2023-06-13 11:50:00,7 044,61,20792-200-6999
9 940,2023-06-13 08:18:00,7 069,61,20792-200-6999
9 940,2023-06-13 02:37:00,7 085,61,20792-200-6999
9 940,2023-06-13 12:23:00,6 668,61,20792-200-6999
9 940,2023-06-13 04:39:00,7 081,61,20792-200-6999
9 940,2023-06-13 12:18:00,6 668,61,20792-200-6999
9 940,2023-06-13 03:28:00,7 081,61,20792-200-6999
9 940,2023-06-12 15:12:00,17 443,61,20792-200-6999
9 940,2023-06-11 05:40:00,17 463,61,17467-605-20792
9 940,2023-06-11 05:29:00,17 463,61,17467-605-20792
9 940,2023-06-14 16:12:00,5 595,61,20792-200-6999
9 940,2023-06-14 15:49:00,5 600,61,20792-200-6999
9 940,2023-06-14 10:55:00,5 621,61,20792-200-6999
9 940,2023-06-14 09:49:00,5 633,61,20792-200-6999
9 940,2023-06-14 08:16:00,5 648,61,20792-200-6999
9 940,2023-06-14 04:04:00,5 669,61,20792-200-6999
9 940,2023-06-14 01:01:00,6 564,61,20792-200-6999
9 940,2023-06-13 18:53:00,6 615,61,20792-200-6999
9 940,2023-06-13 18:30:00,6 619,61,20792-200-6999
9 940,2023-06-13 10:11:00,7 059,61,20792-200-6999
9 940,2023-06-13 09:02:00,7 064,61,20792-200-6999
9 940,2023-06-13 01:37:00,7 090,61,20792-200-6999
9 940,2023-06-13 14:13:00,20 716,61,20792-200-6999
9 940,2023-06-13 13:29:00,20 716,61,20792-200-6999
9 940,2023-06-12 15:22:00,17 446,61,20792-200-6999
9 940,2023-06-17 12:20:00,61,61,7475-138-61
9 940,2023-06-16 08:00:00,61,61,7475-138-61
9 940,2023-06-16 08:07:00,61,61,7475-138-61
9 940,2023-06-15 08:39:00,7 465,61,6999-347-7475
9 940,2023-06-15 10:03:00,7 468,61,6999-347-7475
9 940,2023-06-15 22:07:00,61,61,7475-138-61
9 940,2023-06-15 09:09:00,7 468,61,6999-347-7475
9 940,2023-06-14 03:23:00,6 115,61,20792-200-6999
9 940,2023-06-14 08:37:00,5 645,61,20792-200-6999
9 940,2023-06-14 01:50:00,6 144,61,20792-200-6999
9 940,2023-06-13 00:40:00,17 506,61,20792-200-6999
9 940,2023-06-13 00:40:00,17 506,61,20792-200-6999
9 940,2023-06-13 18:02:00,6 624,61,20792-200-6999
9 940,2023-06-13 14:49:00,6 641,61,20792-200-6999
9 940,2023-06-13 12:47:00,6 667,61,20792-200-6999
9 940,2023-06-13 11:35:00,7 048,61,20792-200-6999
9 940,2023-06-13 09:45:00,7 060,61,20792-200-6999
9 940,2023-06-13 00:30:00,17 506,61,20792-200-6999
9 940,2023-06-13 00:16:00,17 506,61,20792-200-6999
9 940,2023-06-12 15:41:00,17 477,61,20792-200-6999
9 940,2023-06-12 23:21:00,17 506,61,20792-200-6999
9 940,2023-06-12 20:49:00,17 506,61,20792-200-6999
9 940,2023-06-12 20:33:00,17 506,61,20792-200-6999
9 940,2023-06-14 16:28:00,4 592,61,20792-200-6999
9 940,2023-06-14 16:28:00,4 592,61,20792-200-6999
9 940,2023-06-14 18:21:00,4 596,61,20792-200-6999
9 940,2023-06-14 10:17:00,5 629,61,20792-200-6999
9 940,2023-06-14 01:17:00,6 148,61,20792-200-6999
9 940,2023-06-13 22:36:00,6 558,61,20792-200-6999
9 940,2023-06-13 22:29:00,6 595,61,20792-200-6999
9 940,2023-06-13 16:10:00,6 631,61,20792-200-6999
9 940,2023-06-13 14:59:00,6 638,61,20792-200-6999
9 940,2023-06-13 08:37:00,7 068,61,20792-200-6999
9 940,2023-06-13 02:08:00,7 087,61,20792-200-6999
9 940,2023-06-13 06:56:00,7 076,61,20792-200-6999
9 940,2023-06-13 05:38:00,7 076,61,20792-200-6999
9 940,2023-06-15 20:20:00,62,61,7475-138-61
9 940,2023-06-14 21:16:00,7 027,61,20792-200-6999
9 940,2023-06-14 17:46:00,4 572,61,20792-200-6999
9 940,2023-06-14 17:24:00,4 576,61,20792-200-6999
9 940,2023-06-14 13:20:00,5 604,61,20792-200-6999
9 940,2023-06-14 08:43:00,5 644,61,20792-200-6999
9 940,2023-06-14 07:46:00,5 651,61,20792-200-6999
9 940,2023-06-14 05:05:00,5 661,61,20792-200-6999
9 940,2023-06-14 12:13:00,20 715,61,20792-200-6999
9 940,2023-06-14 11:21:00,20 715,61,20792-200-6999
9 940,2023-06-13 19:12:00,6 613,61,20792-200-6999
9 940,2023-06-13 18:17:00,6 621,61,20792-200-6999
9 940,2023-06-13 15:14:00,6 636,61,20792-200-6999
9 940,2023-06-13 07:13:00,7 074,61,20792-200-6999
9 940,2023-06-11 06:10:00,16 872,61,17467-605-20792
9 940,2023-06-11 05:54:00,16 872,61,17467-605-20792
9 940,2023-06-14 13:37:00,5 601,61,20792-200-6999
9 940,2023-06-14 10:46:00,5 623,61,20792-200-6999
9 940,2023-06-14 09:18:00,5 638,61,20792-200-6999
9 940,2023-06-14 09:14:00,5 641,61,20792-200-6999
9 940,2023-06-14 05:27:00,5 657,61,20792-200-6999
9 940,2023-06-14 02:45:00,6 137,61,20792-200-6999
9 940,2023-06-14 07:04:00,5 654,61,20792-200-6999
9 940,2023-06-14 06:31:00,5 654,61,20792-200-6999
9 940,2023-06-13 15:35:00,6 634,61,20792-200-6999
9 940,2023-06-13 11:25:00,7 049,61,20792-200-6999
9 940,2023-06-13 07:54:00,7 072,61,20792-200-6999
9 940,2023-06-13 07:34:00,7 073,61,20792-200-6999
9 940,2023-06-13 05:17:00,7 077,61,20792-200-6999
9 940,2023-06-13 05:01:00,7 079,61,20792-200-6999
9 940,2023-06-13 21:31:00,6 607,61,20792-200-6999
9 940,2023-06-13 10:49:00,7 055,61,20792-200-6999
9 940,2023-06-13 19:57:00,6 607,61,20792-200-6999
9 940,2023-06-13 10:39:00,7 055,61,20792-200-6999
5 108,2023-08-27 00:48:00,63,62,7475-330-62
5 108,2023-08-27 00:28:00,7 475,62,7475-330-62
5 108,2023-08-26 15:17:00,7 475,62,7475-330-62
5 108,2023-08-26 07:03:00,7 475,62,6999-467-7475
5 108,2023-08-26 06:16:00,7 469,62,6999-467-7475
5 108,2023-08-26 06:58:00,7 475,62,6999-467-7475
8 867,2023-07-28 04:24:00,63,62,7475-303-62
8 867,2023-07-28 04:03:00,7 475,62,7475-303-62
8 867,2023-07-27 23:10:00,7 475,62,7475-303-62
8 867,2023-07-27 23:09:00,7 475,62,7475-303-62
8 867,2023-07-27 23:08:00,7 475,62,7475-303-62
8 867,2023-07-26 17:25:00,7 475,62,6999-420-7475
8 867,2023-07-26 16:33:00,7 469,62,6999-420-7475
8 867,2023-07-25 10:20:00,6 475,62,20701-328-6999
1 183,2023-06-30 15:45:00,7 475,62,7475-255-62
1 183,2023-06-30 17:36:00,63,62,7475-255-62
1 183,2023-06-29 17:46:00,7 475,62,6999-379-7475
1 183,2023-06-29 16:30:00,7 469,62,6999-379-7475
1 183,2023-06-29 17:13:00,7 475,62,6999-379-7475
5 108,2023-08-27 00:35:00,65,62,7475-330-62
5 108,2023-08-26 01:55:00,6 999,62,6999-467-7475
5 108,2023-08-26 01:10:00,6 999,62,6999-467-7475
5 108,2023-08-26 01:09:00,6 999,62,6999-467-7475
5 108,2023-08-26 00:46:00,6 999,62,6999-467-7475
5 108,2023-08-26 00:45:00,6 999,62,6999-467-7475
5 108,2023-08-26 00:36:00,6 999,62,6999-467-7475
5 108,2023-08-26 00:29:00,6 999,62,7464-314-6999
5 108,2023-08-26 05:28:00,7 464,62,6999-467-7475
5 108,2023-08-26 04:08:00,6 999,62,6999-467-7475
5 108,2023-08-25 23:59:00,6 999,62,7464-314-6999
5 108,2023-08-25 09:06:00,6 999,62,7464-314-6999
5 108,2023-08-25 09:00:00,6 999,62,7464-314-6999
5 108,2023-08-25 02:33:00,7 464,62,7464-314-6999
5 108,2023-08-25 06:44:00,6 999,62,7464-314-6999
5 108,2023-08-25 06:20:01,6 999,62,7464-314-6999
5 108,2023-08-25 06:20:00,6 999,62,7464-314-6999
5 108,2023-08-25 03:46:00,6 999,62,7464-314-6999
5 108,2023-08-25 03:35:01,6 999,62,7464-314-6999
5 108,2023-08-25 03:35:00,6 999,62,7464-314-6999
5 108,2023-08-24 16:52:00,7 464,62,6999-111-7464
5 108,2023-08-24 18:20:00,7 464,62,7464-314-6999
5 108,2023-08-24 18:06:00,7 464,62,6999-111-7464
8 867,2023-07-28 04:09:00,65,62,7475-303-62
8 867,2023-07-26 10:45:00,6 999,62,20701-328-6999
8 867,2023-07-26 08:10:00,6 999,62,20701-328-6999
8 867,2023-07-26 11:56:00,6 999,62,6999-420-7475
8 867,2023-07-26 11:11:00,6 999,62,6999-420-7475
8 867,2023-07-26 11:10:00,6 999,62,6999-420-7475
8 867,2023-07-26 11:08:00,6 999,62,6999-420-7475
8 867,2023-07-26 09:44:00,6 999,62,20701-328-6999
8 867,2023-07-26 15:51:00,7 464,62,6999-420-7475
8 867,2023-07-26 14:39:00,6 999,62,6999-420-7475
8 867,2023-07-25 22:33:00,6 999,62,20701-328-6999
8 867,2023-07-25 22:28:00,6 999,62,20701-328-6999
8 867,2023-07-25 18:49:00,7 004,62,20701-328-6999
8 867,2023-07-25 17:22:00,7 460,62,20701-328-6999
8 867,2023-07-25 10:48:00,6 479,62,20701-328-6999
8 867,2023-07-25 21:00:00,6 999,62,20701-328-6999
8 867,2023-07-25 20:30:00,6 999,62,20701-328-6999
8 867,2023-07-25 20:00:00,6 999,62,20701-328-6999
8 867,2023-07-25 19:28:01,6 999,62,20701-328-6999
8 867,2023-07-25 19:28:00,6 999,62,20701-328-6999
1 183,2023-06-29 11:23:00,6 999,62,7024-707-6999
1 183,2023-06-29 13:40:00,6 999,62,6999-379-7475
1 183,2023-06-29 12:55:00,6 999,62,6999-379-7475
1 183,2023-06-29 12:54:00,6 999,62,6999-379-7475
1 183,2023-06-29 11:57:00,6 999,62,6999-379-7475
1 183,2023-06-29 11:56:00,6 999,62,6999-379-7475
1 183,2023-06-29 11:42:00,6 999,62,6999-379-7475
1 183,2023-06-29 11:39:00,6 999,62,6999-379-7475
1 183,2023-06-29 06:05:00,6 999,62,7024-707-6999
1 183,2023-06-29 06:01:00,6 999,62,7024-707-6999
1 183,2023-06-29 15:40:00,7 464,62,6999-379-7475
1 183,2023-06-29 14:35:00,6 999,62,6999-379-7475
1 183,2023-06-29 15:34:00,7 464,62,6999-379-7475
1 183,2023-06-29 04:24:00,6 999,62,7024-707-6999
1 183,2023-06-29 03:54:00,6 999,62,7024-707-6999
1 183,2023-06-29 03:39:00,6 999,62,7024-707-6999
1 183,2023-06-29 03:01:01,6 999,62,7024-707-6999
1 183,2023-06-29 03:01:00,6 999,62,7024-707-6999
5 108,2023-08-26 05:46:00,7 466,62,6999-467-7475
8 867,2023-07-26 16:06:00,7 466,62,6999-420-7475
8 867,2023-07-23 20:09:00,6 935,62,6938-135-20701
1 183,2023-06-29 16:00:00,7 466,62,6999-379-7475
1 183,2023-06-28 16:49:00,7 017,62,7014-008-7024
5 108,2023-08-26 04:54:00,7 000,62,6999-467-7475
5 108,2023-08-26 04:40:00,7 000,62,6999-467-7475
5 108,2023-08-25 03:04:00,7 000,62,7464-314-6999
8 867,2023-07-26 15:21:00,7 000,62,6999-420-7475
8 867,2023-07-26 15:05:00,7 000,62,6999-420-7475
8 867,2023-07-25 11:50:00,6 497,62,20701-328-6999
8 867,2023-07-25 11:26:00,6 484,62,20701-328-6999
8 867,2023-07-25 19:14:00,7 000,62,20701-328-6999
8 867,2023-07-25 19:03:00,7 000,62,20701-328-6999
5 108,2023-08-26 06:04:00,7 468,62,6999-467-7475
5 108,2023-08-26 05:36:00,7 465,62,6999-467-7475
8 867,2023-07-26 16:22:00,7 468,62,6999-420-7475
8 867,2023-07-26 15:57:00,7 465,62,6999-420-7475
8 867,2023-07-25 17:58:00,7 452,62,20701-328-6999
8 867,2023-07-25 10:57:00,6 480,62,20701-328-6999
8 867,2023-07-23 11:36:00,6 940,62,6938-134-6940
8 867,2023-07-23 12:37:00,6 940,62,6940-134-6938
8 867,2023-07-23 11:50:00,6 940,62,6938-134-6940
8 867,2023-07-23 13:28:00,6 940,62,6940-134-6938
1 183,2023-06-29 16:18:00,7 468,62,6999-379-7475
1 183,2023-06-29 15:50:00,7 465,62,6999-379-7475
8 867,2023-07-25 18:14:00,7 447,62,20701-328-6999
8 867,2023-07-25 14:31:00,6 542,62,20701-328-6999
8 867,2023-07-25 14:02:00,6 522,62,20701-328-6999
8 867,2023-07-25 13:55:00,6 522,62,20701-328-6999
8 867,2023-07-25 13:27:00,6 522,62,20701-328-6999
8 867,2023-07-25 12:40:00,6 522,62,20701-328-6999
8 867,2023-07-25 12:34:00,6 522,62,20701-328-6999
5 108,2023-08-27 01:05:00,62,62,7475-330-62
5 108,2023-08-27 16:00:00,62,62,7475-330-62
5 108,2023-08-27 09:00:00,62,62,7475-330-62
5 108,2023-08-27 17:30:00,62,62,7475-330-62
5 108,2023-08-27 00:53:00,62,62,7475-330-62
5 108,2023-08-26 05:07:00,7 461,62,6999-467-7475
5 108,2023-08-25 02:54:00,7 461,62,7464-314-6999
8 867,2023-07-28 08:20:00,62,62,7475-303-62
8 867,2023-07-28 12:00:00,62,62,7475-303-62
8 867,2023-07-28 04:37:00,62,62,7475-303-62
8 867,2023-07-26 15:33:00,7 461,62,6999-420-7475
8 867,2023-07-25 18:31:00,7 006,62,20701-328-6999
8 867,2023-07-25 15:05:00,6 544,62,20701-328-6999
8 867,2023-07-25 10:05:00,6 059,62,20701-328-6999
8 867,2023-07-23 18:45:00,6 938,62,6938-135-20701
8 867,2023-07-23 14:10:00,6 938,62,6940-134-6938
8 867,2023-07-23 19:54:00,6 938,62,6938-135-20701
8 867,2023-07-23 14:07:00,6 938,62,6940-134-6938
1 183,2023-07-02 18:35:00,62,62,7475-255-62
1 183,2023-06-30 19:00:00,62,62,7475-255-62
1 183,2023-06-30 18:32:00,62,62,7475-255-62
1 183,2023-06-30 17:46:00,62,62,7475-255-62
1 183,2023-06-29 15:11:00,7 461,62,6999-379-7475
1 183,2023-06-28 16:56:00,7 019,62,7014-008-7024
5 108,2023-08-26 05:13:00,7 462,62,6999-467-7475
5 108,2023-08-25 02:48:00,7 462,62,7464-314-6999
8 867,2023-07-26 15:38:00,7 462,62,6999-420-7475
8 867,2023-07-25 02:34:00,20 701,62,6938-135-20701
8 867,2023-07-25 03:24:00,20 701,62,6938-135-20701
8 867,2023-07-25 04:45:00,20 701,62,20701-328-6999
8 867,2023-07-25 04:05:01,20 701,62,20701-328-6999
8 867,2023-07-25 04:05:00,20 701,62,20701-328-6999
8 867,2023-07-25 03:30:00,20 701,62,20701-328-6999
8 867,2023-07-25 03:24:01,20 701,62,6938-135-20701